{"learning_rate": 0.18504894067728475, "depth": 6, "l2_leaf_reg": 4.912184907762074, "random_strength": 0.3521528014332923, "iterations": 807}